SampleID,DGroup
LHC3265,NORMAL
LHC3630,NORMAL
LHC3660,NORMAL
LHC4662,NORMAL
LHC5838,NORMAL
LHC6065,NORMAL
LHC6075,NORMAL
LHC6334,NORMAL
LHC6500,NORMAL
LHC7548,NORMAL
LHC7747,NORMAL
LHC8009,NORMAL
LHC8114,NORMAL
LHC8179,NORMAL
LHC8232,NORMAL
LHC8331,NORMAL
LHC8405,NORMAL
LHC8479,NORMAL
LHC8548,NORMAL
LHC9512,NORMAL
LHC9519,NORMAL
LHC9524,NORMAL
LHC9768,NORMAL
LHC9790,NORMAL
LHC10248,NORMAL
LHC10668,NORMAL
LHC10692,NORMAL
LHC10740,NORMAL
LHC10744,NORMAL
LHC10864,NORMAL
LHC11246,NORMAL
LHC11291,NORMAL
LHC11472,NORMAL
LHC11541,NORMAL
LHC11854,NORMAL
LHC12162,NORMAL
LHC12285,NORMAL
LHC12379,NORMAL
LHC12434,NORMAL
LHC12644,NORMAL
LHC13163,NORMAL
LHC13527,NORMAL
LHC13707,NORMAL
LHC14470,NORMAL
LHC15120,NORMAL
LHC16879,NORMAL
LHC18476,NORMAL
LHC19271,NORMAL
LHC19885,NORMAL
LHC20017,NORMAL
LHC20645,NORMAL
LHC21062,NORMAL
LHC21090,NORMAL
LHC21166,NORMAL
LHC21273,NORMAL
LHC21276,NORMAL
LHC21318,NORMAL
LHC21881,NORMAL
LHC21965,NORMAL
LHC22529,NORMAL
LHC24027,NORMAL
LHC24817,NORMAL
LHC25688,NORMAL
LHC26470,NORMAL
LHC26665,NORMAL
LHC3264,TUMOR
LHC3631,TUMOR
LHC3661,TUMOR
LHC4333,TUMOR
LHC4663,TUMOR
LHC6066,TUMOR
LHC6076,TUMOR
LHC6335,TUMOR
LHC6501,TUMOR
LHC7549,TUMOR
LHC7748,TUMOR
LHC8010,TUMOR
LHC8115,TUMOR
LHC8126,TUMOR
LHC8180,TUMOR
LHC8233,TUMOR
LHC8254,TUMOR
LHC8332,TUMOR
LHC8406,TUMOR
LHC8480,TUMOR
LHC8549,TUMOR
LHC9513,TUMOR
LHC9520,TUMOR
LHC9525,TUMOR
LHC9769,TUMOR
LHC9791,TUMOR
LHC10249,TUMOR
LHC10669,TUMOR
LHC10693,TUMOR
LHC10741,TUMOR
LHC10745,TUMOR
LHC10863,TUMOR
LHC11262,TUMOR
LHC11292,TUMOR
LHC11473,TUMOR
LHC11855,TUMOR
LHC12025,TUMOR
LHC12163,TUMOR
LHC12286,TUMOR
LHC12380,TUMOR
LHC12645,TUMOR
LHC13164,TUMOR
LHC13216,TUMOR
LHC13528,TUMOR
LHC13708,TUMOR
LHC14458,TUMOR
LHC15121,TUMOR
LHC16880,TUMOR
LHC18382,TUMOR
LHC18477,TUMOR
LHC19270,TUMOR
LHC20018,TUMOR
LHC20020,TUMOR
LHC20644,TUMOR
LHC21061,TUMOR
LHC21091,TUMOR
LHC21167,TUMOR
LHC21274,TUMOR
LHC21275,TUMOR
LHC21319,TUMOR
LHC21882,TUMOR
LHC21966,TUMOR
LHC22530,TUMOR
LHC24028,TUMOR
LHC24818,TUMOR
LHC25689,TUMOR
LHC26666,TUMOR
